"Letter","degree","strength","betweenness"
"M",3,0.180678970152654,3
"J",2,0.356060606060606,0
"N",2,0.340909090909091,0
"E",1,0.150375939849624,0
