"Letter","degree","strength","betweenness"
"C",7,1.41061772270283,0
"F",6,1.20013659699101,0
"A",6,1.43569918717544,0
"L",7,2.01511314159157,0
"D",7,2.12230425984537,0
"J",7,1.93864686437761,0
"B",7,0.997326932475539,10
"G",5,0.0505138104475853,18
