"Letter","degree","strength","betweenness"
"A",2,0.255618574973414,0
"F",2,0.276804276804277,0
"C",2,0.059895379250218,1
