"Letter","degree","strength","betweenness"
"D",15,4.28121122781263,0
"G",15,4.01871016533922,0
"I",15,4.44877295333329,0
"K",15,4.36087496081563,0
"F",15,3.84588163339133,0
"L",15,2.67664426705918,0
"B",15,4.42739183058846,0
"A",15,2.34605807603039,7
"C",15,4.64778838539466,0
"E",15,4.09758203444,0
"N",15,2.19761865682849,9
"J",15,4.22392831032919,0
"M",15,3.29185965659114,0
"O",15,3.11238488622108,0
"P",15,2.15634676982423,5
"H",15,1.97631456793918,38
