"Letter","degree","strength","betweenness"
"C",14,4.26340267590152,0
"F",14,1.62101514323852,0
"D",14,3.8825238778228,0
"J",14,3.70582846713179,0
"K",14,4.29066252716582,0
"A",14,3.4948261091482,0
"G",14,2.40556866924476,10
"E",14,3.62511731599531,0
"O",13,1.70840987977775,0
"M",14,2.74321245099284,0
"B",14,4.13730641796694,0
"N",14,3.15010776160743,0
"I",14,3.54809716498065,0
"P",14,3.42020395942267,0
"L",13,0.261473594584221,87
