"Letter","degree","strength","betweenness"
"M",3,0.196614353729501,3
"J",2,0.361635220125786,0
"N",2,0.342767295597484,0
"E",1,0.158878504672897,0
